{
  "name": "Cover Photos",
  "photos": [
    {
      "uri": "photos_and_videos/CoverPhotos_lZIMRu-4MQ/67639057_102225917773722_5989561481748807680_n_102225911107056.jpg",
      "creation_timestamp": 1563478130,
      "media_metadata": {
        "photo_metadata": {
          "upload_ip": "72.142.86.122"
        }
      },
      "title": "Cover Photos"
    }
  ],
  "cover_photo": {
    "uri": "photos_and_videos/CoverPhotos_lZIMRu-4MQ/67639057_102225917773722_5989561481748807680_n_102225911107056.jpg",
    "creation_timestamp": 1563478130,
    "media_metadata": {
      "photo_metadata": {
        "upload_ip": "72.142.86.122"
      }
    },
    "title": "Cover Photos"
  },
  "last_modified_timestamp": 1563478131,
  "comments": [
    
  ],
  "description": ""
}