{
  "name": "Timeline Photos",
  "photos": [
    {
      "uri": "photos_and_videos/TimelinePhotos_HhvPc4DHsw/67003722_102085107787803_1845591904297680896_n_102085104454470.jpg",
      "creation_timestamp": 1563467052,
      "media_metadata": {
        "photo_metadata": {
          "upload_ip": "72.142.86.122"
        }
      },
      "title": "Timeline Photos",
      "description": "Love this!"
    }
  ],
  "cover_photo": {
    "uri": "photos_and_videos/TimelinePhotos_HhvPc4DHsw/67003722_102085107787803_1845591904297680896_n_102085104454470.jpg",
    "creation_timestamp": 1563467052,
    "media_metadata": {
      "photo_metadata": {
        "upload_ip": "72.142.86.122"
      }
    },
    "title": "Timeline Photos",
    "description": "Love this!"
  },
  "last_modified_timestamp": 1563467059,
  "comments": [
    
  ],
  "description": ""
}