[
  {
    "timestamp": 1563478545,
    "attachments": [
      {
        "data": [
          {
            "event": {
              "name": "BIG on Bloor \u00e2\u0080\u0093 Sonic Future Bloor",
              "start_timestamp": 1563641100,
              "end_timestamp": 1563681540
            }
          }
        ]
      }
    ],
    "data": [
      {
        "post": "cool!"
      },
      {
        "update_timestamp": 1563478545
      }
    ],
    "title": "Maurice Nelson"
  },
  {
    "timestamp": 1563478386,
    "attachments": [
      {
        "data": [
          {
            "external_context": {
              "name": "Node.js for PHP Developers"
            }
          }
        ]
      }
    ],
    "data": [
      
    ],
    "title": "Maurice Nelson added Node.js for PHP Developers to books he's read."
  },
  {
    "timestamp": 1563478380,
    "attachments": [
      {
        "data": [
          {
            "external_context": {
              "name": "Visual Basic 6 Database Programming for Dummies"
            }
          }
        ]
      }
    ],
    "data": [
      
    ],
    "title": "Maurice Nelson added Visual Basic 6 Database Programming for Dummies to books he's read."
  },
  {
    "timestamp": 1563478373,
    "attachments": [
      {
        "data": [
          {
            "external_context": {
              "name": "The Intelligent Investor"
            }
          }
        ]
      }
    ],
    "data": [
      
    ],
    "title": "Maurice Nelson added The Intelligent Investor to books he's read."
  },
  {
    "timestamp": 1563478236,
    "data": [
      {
        "post": "hey whatsup youtiube remember dont forget your coder machines"
      }
    ],
    "title": "Maurice Nelson posted in Tip Top Secret Hacker Stuff."
  },
  {
    "timestamp": 1563478076,
    "attachments": [
      {
        "data": [
          {
            "text": "Maurice is looking for friends to play Words With Friends. "
          }
        ]
      }
    ],
    "data": [
      {
        "update_timestamp": 1563478076
      }
    ],
    "title": "Maurice Nelson"
  },
  {
    "timestamp": 1563467059,
    "attachments": [
      {
        "data": [
          {
            "media": {
              "uri": "photos_and_videos/TimelinePhotos_HhvPc4DHsw/67003722_102085107787803_1845591904297680896_n_102085104454470.jpg",
              "creation_timestamp": 1563467052,
              "media_metadata": {
                "photo_metadata": {
                  "upload_ip": "72.142.86.122"
                }
              },
              "title": "Timeline Photos",
              "description": "Love this!"
            }
          }
        ]
      }
    ],
    "data": [
      {
        "post": "Love this!"
      }
    ]
  },
  {
    "timestamp": 1563467024,
    "data": [
      {
        "post": "Go Leafs Go!"
      }
    ],
    "title": "Maurice Nelson updated his status."
  },
  {
    "timestamp": 1563467014,
    "data": [
      {
        "post": "The quick brown fox jumps over the lazy dog."
      }
    ],
    "title": "Maurice Nelson updated his status."
  }
]