[
  {
    "timestamp": 1563467059,
    "attachments": [
      {
        "data": [
          {
            "media": {
              "uri": "photos_and_videos/TimelinePhotos_HhvPc4DHsw/67003722_102085107787803_1845591904297680896_n_102085104454470.jpg",
              "creation_timestamp": 1563467052,
              "media_metadata": {
                "photo_metadata": {
                  "upload_ip": "72.142.86.122"
                }
              },
              "title": "Timeline Photos",
              "description": "Love this!"
            }
          }
        ]
      }
    ],
    "data": [
      {
        "post": "Love this!"
      }
    ]
  },
  {
    "timestamp": 1563467024,
    "data": [
      {
        "post": "Go Leafs Go!"
      }
    ],
    "title": "Maurice Nelson updated his status."
  },
  {
    "timestamp": 1563467014,
    "data": [
      {
        "post": "The quick brown fox jumps over the lazy dog."
      }
    ],
    "title": "Maurice Nelson updated his status."
  }
]