{
  "account_activity": [
    {
      "action": "Session updated",
      "timestamp": 1563477913,
      "ip_address": "72.142.86.122",
      "user_agent": "Mozilla/5.0 (Macintosh; Intel Mac OS X 10_14_4) AppleWebKit/537.36 (KHTML, like Gecko) Chrome/75.0.3770.100 Safari/537.36",
      "datr_cookie": "uJsw********************"
    },
    {
      "action": "Email Added",
      "timestamp": 1563466843,
      "ip_address": "72.142.86.122",
      "user_agent": "Mozilla/5.0 (Macintosh; Intel Mac OS X 10_14_4) AppleWebKit/537.36 (KHTML, like Gecko) Chrome/75.0.3770.100 Safari/537.36",
      "datr_cookie": "uJsw********************"
    },
    {
      "action": "Login",
      "timestamp": 1563466722,
      "ip_address": "72.142.86.122",
      "user_agent": "Mozilla/5.0 (Macintosh; Intel Mac OS X 10_14_4) AppleWebKit/537.36 (KHTML, like Gecko) Chrome/75.0.3770.100 Safari/537.36",
      "datr_cookie": "uJsw********************"
    }
  ]
}