{
  "admin_records": [
    {
      "event": "Username",
      "session": {
        "created_timestamp": 1563466846,
        "ip_address": "72.142.86.122",
        "user_agent": "",
        "datr_cookie": ""
      }
    },
    {
      "event": "Username",
      "session": {
        "created_timestamp": 1563466846,
        "ip_address": "72.142.86.122",
        "user_agent": "",
        "datr_cookie": ""
      }
    },
    {
      "event": "Email change",
      "session": {
        "created_timestamp": 1563466843,
        "ip_address": "72.142.86.122",
        "user_agent": "Mozilla/5.0 (Macintosh; Intel Mac OS X 10_14_4) AppleWebKit/537.36 (KHTML, like Gecko) Chrome/75.0.3770.100 Safari/537.36",
        "datr_cookie": "uJsw********************"
      }
    }
  ]
}