{
  "login_protection_data": [
    {
      "name": "Cookie: uJsw********************",
      "session": {
        "created_timestamp": 1563466721,
        "ip_address": "72.142.86.122"
      }
    },
    {
      "name": "IP Address: 72.142.86.122",
      "session": {
        "created_timestamp": 1563466721,
        "ip_address": "72.142.86.122"
      }
    },
    {
      "name": "Estimated location inferred from IP 43.704, -79.328",
      "session": {
        "created_timestamp": 1563466721,
        "ip_address": "72.142.86.122"
      }
    }
  ]
}