{
  "admin_records": [
    {
      "event": "Password Change",
      "session": {
        "created_timestamp": 1542782365,
        "ip_address": "2001:1970:5229:a200:c514:df35:3929:1a42",
        "user_agent": "Mozilla/5.0 (Windows NT 10.0; Win64; x64) AppleWebKit/537.36 (KHTML, like Gecko) Chrome/70.0.3538.102 Safari/537.36",
        "datr_cookie": "rfVk********************"
      }
    },
    {
      "event": "Password Change",
      "session": {
        "created_timestamp": 1542315900,
        "ip_address": "130.15.34.141",
        "user_agent": "Mozilla/5.0 (Windows NT 10.0; Win64; x64) AppleWebKit/537.36 (KHTML, like Gecko) Chrome/70.0.3538.102 Safari/537.36",
        "datr_cookie": "rfVk********************"
      }
    },
    {
      "event": "Password Change",
      "session": {
        "created_timestamp": 1519940471,
        "ip_address": "130.15.86.87",
        "user_agent": "Mozilla/5.0 (Windows NT 10.0; Win64; x64) AppleWebKit/537.36 (KHTML, like Gecko) Chrome/64.0.3282.186 Safari/537.36",
        "datr_cookie": "CHOY********************"
      }
    },
    {
      "event": "Email change",
      "session": {
        "created_timestamp": 1472776501,
        "ip_address": "24.141.185.35",
        "user_agent": "Mozilla/5.0 (Macintosh; Intel Mac OS X 10_11_6) AppleWebKit/537.36 (KHTML, like Gecko) Chrome/52.0.2743.116 Safari/537.36",
        "datr_cookie": "y1RX********************"
      }
    },
    {
      "event": "Remove Phone Number",
      "session": {
        "created_timestamp": 1472776386,
        "ip_address": "24.141.185.35",
        "user_agent": "Mozilla/5.0 (Macintosh; Intel Mac OS X 10_11_6) AppleWebKit/537.36 (KHTML, like Gecko) Chrome/52.0.2743.116 Safari/537.36",
        "datr_cookie": "y1RX********************"
      }
    },
    {
      "event": "Add Phone Number",
      "session": {
        "created_timestamp": 1472776386,
        "ip_address": "24.141.185.35",
        "user_agent": "Mozilla/5.0 (Macintosh; Intel Mac OS X 10_11_6) AppleWebKit/537.36 (KHTML, like Gecko) Chrome/52.0.2743.116 Safari/537.36",
        "datr_cookie": "y1RX********************"
      }
    },
    {
      "event": "Email change",
      "session": {
        "created_timestamp": 1472303787,
        "ip_address": "24.114.49.88",
        "user_agent": "Mozilla/5.0 (Macintosh; Intel Mac OS X 10_11_4) AppleWebKit/537.36 (KHTML, like Gecko) Chrome/52.0.2743.116 Safari/537.36",
        "datr_cookie": "y1RX********************"
      }
    },
    {
      "event": "Email change",
      "session": {
        "created_timestamp": 1472303767,
        "ip_address": "24.114.49.88",
        "user_agent": "Mozilla/5.0 (Macintosh; Intel Mac OS X 10_11_4) AppleWebKit/537.36 (KHTML, like Gecko) Chrome/52.0.2743.116 Safari/537.36",
        "datr_cookie": "y1RX********************"
      }
    },
    {
      "event": "Email change",
      "session": {
        "created_timestamp": 1472303680,
        "ip_address": "24.114.49.88",
        "user_agent": "Mozilla/5.0 (Macintosh; Intel Mac OS X 10_11_4) AppleWebKit/537.36 (KHTML, like Gecko) Chrome/52.0.2743.116 Safari/537.36",
        "datr_cookie": "y1RX********************"
      }
    },
    {
      "event": "Checkpoint completed",
      "session": {
        "created_timestamp": 1462981179,
        "ip_address": "70.53.108.79",
        "user_agent": "",
        "datr_cookie": ""
      }
    },
    {
      "event": "Remove Phone Number",
      "session": {
        "created_timestamp": 1451929508,
        "ip_address": "24.114.55.23",
        "user_agent": "Mozilla/5.0 (iPhone; CPU iPhone OS 9_2 like Mac OS X) AppleWebKit/601.1.46 (KHTML, like Gecko) Mobile/13C75 [FBAN/FBIOS;FBAV/46.0.0.54.156;FBBV/18972819;FBDV/iPhone5,1;FBMD/iPhone;FBSN/iPhone OS;FBSV/9.2;FBSS/2; FBCR/Rogers;FBID/phone;FBLC/en_US;FBOP/5]",
        "datr_cookie": "o6-K********************"
      }
    },
    {
      "event": "Remove Profile Photo",
      "session": {
        "created_timestamp": 1397432467,
        "ip_address": "24.141.180.95",
        "user_agent": "Mozilla/5.0 (Macintosh; Intel Mac OS X 10_9_2) AppleWebKit/537.75.14 (KHTML, like Gecko) Version/7.0.3 Safari/537.75.14",
        "datr_cookie": "iXfc********************"
      }
    },
    {
      "event": "Add Phone Number",
      "session": {
        "created_timestamp": 1386296149,
        "ip_address": "24.114.68.200",
        "user_agent": "Mozilla/5.0 (iPhone; CPU iPhone OS 7_0_4 like Mac OS X) AppleWebKit/537.51.1 (KHTML, like Gecko) Mobile/11B554a [FBAN/MessengerForiOS;FBAV/3.0.1;FBBV/623926;FBDV/iPhone5,1;FBMD/iPhone;FBSN/iPhone OS;FBSV/7.0.4;FBSS/2; FBCR/Rogers;FBID/phone;FBLC/en_US;FBOP/1]",
        "datr_cookie": "UzOh********************"
      }
    },
    {
      "event": "Email change",
      "session": {
        "created_timestamp": 1386296148,
        "ip_address": "24.114.68.200",
        "user_agent": "Mozilla/5.0 (iPhone; CPU iPhone OS 7_0_4 like Mac OS X) AppleWebKit/537.51.1 (KHTML, like Gecko) Mobile/11B554a [FBAN/MessengerForiOS;FBAV/3.0.1;FBBV/623926;FBDV/iPhone5,1;FBMD/iPhone;FBSN/iPhone OS;FBSV/7.0.4;FBSS/2; FBCR/Rogers;FBID/phone;FBLC/en_US;FBOP/1]",
        "datr_cookie": "UzOh********************"
      }
    },
    {
      "event": "Remove Profile Photo",
      "session": {
        "created_timestamp": 1373714278,
        "ip_address": "68.171.231.80",
        "user_agent": "Facebook/3.1.0.17 (BlackBerry; U; BlackBerry 9900; en) Version/7.1.0",
        "datr_cookie": "ZTfh********************"
      }
    },
    {
      "event": "Remove Profile Photo",
      "session": {
        "created_timestamp": 1373714271,
        "ip_address": "68.171.231.83",
        "user_agent": "Facebook/3.1.0.17 (BlackBerry; U; BlackBerry 9900; en) Version/7.1.0",
        "datr_cookie": "Wzfh********************"
      }
    },
    {
      "event": "Remove Profile Photo",
      "session": {
        "created_timestamp": 1370120741,
        "ip_address": "24.141.184.86",
        "user_agent": "iPhoto/9.4.3 (Macintosh; U; Intel Mac OS X 10.8.3; English)",
        "datr_cookie": "HmKq********************"
      }
    },
    {
      "event": "Remove Profile Photo",
      "session": {
        "created_timestamp": 1365807359,
        "ip_address": "24.141.184.86",
        "user_agent": "iPhoto/9.4.2 (Macintosh; U; Intel Mac OS X 10.8.2; English)",
        "datr_cookie": "_ZBo********************"
      }
    },
    {
      "event": "Remove Profile Photo",
      "session": {
        "created_timestamp": 1364252000,
        "ip_address": "24.141.184.86",
        "user_agent": "Mozilla/5.0 (Macintosh; Intel Mac OS X 10_8_2) AppleWebKit/536.26.17 (KHTML, like Gecko) Version/6.0.2 Safari/536.26.17",
        "datr_cookie": "iBQ-********************"
      }
    },
    {
      "event": "Remove Profile Photo",
      "session": {
        "created_timestamp": 1364251975,
        "ip_address": "24.141.184.86",
        "user_agent": "iPhoto/9.4.2 (Macintosh; U; Intel Mac OS X 10.8.2; English)",
        "datr_cookie": "RNVQ********************"
      }
    },
    {
      "event": "Password Change",
      "session": {
        "created_timestamp": 1358118922,
        "ip_address": "24.141.184.86",
        "user_agent": "Mozilla/5.0 (Macintosh; Intel Mac OS X 10_8_2) AppleWebKit/536.26.17 (KHTML, like Gecko) Version/6.0.2 Safari/536.26.17",
        "datr_cookie": "Dzec********************"
      }
    },
    {
      "event": "Remove Profile Photo",
      "session": {
        "created_timestamp": 1358116767,
        "ip_address": "24.141.184.86",
        "user_agent": "Mozilla/5.0 (Macintosh; Intel Mac OS X 10_8_2) AppleWebKit/536.26.17 (KHTML, like Gecko) Version/6.0.2 Safari/536.26.17",
        "datr_cookie": "Dzec********************"
      }
    },
    {
      "event": "Remove Profile Photo",
      "session": {
        "created_timestamp": 1358116747,
        "ip_address": "24.141.184.86",
        "user_agent": "Mozilla/5.0 (Macintosh; Intel Mac OS X 10_8_2) AppleWebKit/536.26.17 (KHTML, like Gecko) Version/6.0.2 Safari/536.26.17",
        "datr_cookie": "Dzec********************"
      }
    },
    {
      "event": "Remove Profile Photo",
      "session": {
        "created_timestamp": 1356908002,
        "ip_address": "24.141.184.86",
        "user_agent": "Mozilla/5.0 (Macintosh; Intel Mac OS X 10_8_2) AppleWebKit/536.26.17 (KHTML, like Gecko) Version/6.0.2 Safari/536.26.17",
        "datr_cookie": "Dzec********************"
      }
    },
    {
      "event": "Add Phone Number",
      "session": {
        "created_timestamp": 1356907388,
        "ip_address": "24.141.184.86",
        "user_agent": "Mozilla/5.0 (Macintosh; Intel Mac OS X 10_8_2) AppleWebKit/536.26.17 (KHTML, like Gecko) Version/6.0.2 Safari/536.26.17",
        "datr_cookie": "Dzec********************"
      }
    },
    {
      "event": "Username",
      "session": {
        "created_timestamp": 1335895276,
        "user_agent": "",
        "datr_cookie": ""
      }
    },
    {
      "event": "Security question and response changed",
      "session": {
        "created_timestamp": 1312402198,
        "ip_address": "24.141.200.213",
        "user_agent": "Mozilla/5.0 (Macintosh; Intel Mac OS X 10_6_8) AppleWebKit/534.50 (KHTML, like Gecko) Version/5.1 Safari/534.50",
        "datr_cookie": "1245********************"
      }
    }
  ]
}