{
  "recognized_devices": [
    {
      "name": "Facebook for iPhone",
      "created_timestamp": 1375921922,
      "updated_timestamp": 1421437476,
      "ip_address": "24.114.68.60",
      "user_agent": "Mozilla/5.0 (iPhone; CPU iPhone OS 6_1_4 like Mac OS X) AppleWebKit/536.26 (KHTML, like Gecko) Mobile/10B350 [FBAN/FBIOS;FBAV/6.2;FBBV/228172;FBDV/iPhone5,1;FBMD/iPhone;FBSN/iPhone OS;FBSV/6.1.4;FBSS/2; FBCR/Rogers;FBID/phone;FBLC/en_US;FBOP/1]",
      "datr_cookie": ""
    },
    {
      "name": "Facebook for iPhone",
      "created_timestamp": 1399733880,
      "ip_address": "24.141.180.95",
      "user_agent": "Mozilla/5.0 (iPhone; CPU iPhone OS 7_1_1 like Mac OS X) AppleWebKit/537.51.2 (KHTML, like Gecko) Mobile/11D201 [FBAN/FBIOS;FBAV/9.0.0.25.31;FBBV/2102024;FBDV/iPhone5,1;FBMD/iPhone;FBSN/iPhone OS;FBSV/7.1.1;FBSS/2; FBCR/Rogers;FBID/phone;FBLC/en_US;FBOP/5]",
      "datr_cookie": ""
    },
    {
      "name": "Facebook for iPhone",
      "created_timestamp": 1380489608,
      "updated_timestamp": 1382143399,
      "ip_address": "24.141.180.95",
      "user_agent": "Mozilla/5.0 (iPhone; CPU iPhone OS 7_0_2 like Mac OS X) AppleWebKit/537.51.1 (KHTML, like Gecko) Mobile/11A501 [FBAN/FBIOS;FBAV/6.5.1;FBBV/377040;FBDV/iPhone5,1;FBMD/iPhone;FBSN/iPhone OS;FBSV/7.0.2;FBSS/2; FBCR/Rogers;FBID/phone;FBLC/en_US;FBOP/5]",
      "datr_cookie": ""
    }
  ]
}