{
  "login_protection_data": [
    {
      "name": "Cookie: O3IA********************",
      "session": {
        "created_timestamp": 1560310346,
        "updated_timestamp": 1563453192,
        "ip_address": "208.69.12.36"
      }
    },
    {
      "name": "IP Address: 72.142.86.122",
      "session": {
        "created_timestamp": 1563453192,
        "ip_address": "72.142.86.122"
      }
    },
    {
      "name": "Estimated location inferred from IP 43.704, -79.328",
      "session": {
        "created_timestamp": 1375921921,
        "updated_timestamp": 1563453192
      }
    },
    {
      "name": "IP Address: 2605:b100:119:5a60:574:3960:8a7b:93d6",
      "session": {
        "created_timestamp": 1562945845,
        "ip_address": "2605:b100:119:5a60:574:3960:8a7b:93d6"
      }
    },
    {
      "name": "IP Address: 2605:b100:11c:f759:69b3:dd21:4f58:8bb0",
      "session": {
        "created_timestamp": 1562606915,
        "ip_address": "2605:b100:11c:f759:69b3:dd21:4f58:8bb0"
      }
    },
    {
      "name": "Estimated location inferred from IP 43.352, -79.856",
      "session": {
        "created_timestamp": 1328971999,
        "updated_timestamp": 1562423635
      }
    },
    {
      "name": "Cookie: qgWf********************",
      "session": {
        "created_timestamp": 1555094101,
        "updated_timestamp": 1561945154,
        "ip_address": "130.15.34.215"
      }
    },
    {
      "name": "IP Address: 2605:b100:31b:625:8435:5883:245b:ccfe",
      "session": {
        "created_timestamp": 1561945154,
        "ip_address": "2605:b100:31b:625:8435:5883:245b:ccfe"
      }
    },
    {
      "name": "IP Address: 67.69.69.214",
      "session": {
        "created_timestamp": 1561913759,
        "ip_address": "67.69.69.214"
      }
    },
    {
      "name": "IP Address: 24.114.69.108",
      "session": {
        "created_timestamp": 1561773208,
        "ip_address": "24.114.69.108"
      }
    },
    {
      "name": "IP Address: 209.171.14.178",
      "session": {
        "created_timestamp": 1561564328,
        "ip_address": "209.171.14.178"
      }
    },
    {
      "name": "IP Address: 2605:b100:11a:90d0:2568:bddb:c28c:ab3",
      "session": {
        "created_timestamp": 1561395270,
        "ip_address": "2605:b100:11a:90d0:2568:bddb:c28c:ab3"
      }
    },
    {
      "name": "IP Address: 141.117.117.167",
      "session": {
        "created_timestamp": 1561233023,
        "ip_address": "141.117.117.167"
      }
    },
    {
      "name": "IP Address: 2605:b100:102:ef27:1ab:e4fa:34ba:58a0",
      "session": {
        "created_timestamp": 1561146459,
        "ip_address": "2605:b100:102:ef27:1ab:e4fa:34ba:58a0"
      }
    },
    {
      "name": "IP Address: 207.245.12.90",
      "session": {
        "created_timestamp": 1561046511,
        "ip_address": "207.245.12.90"
      }
    },
    {
      "name": "IP Address: 24.141.193.110",
      "session": {
        "created_timestamp": 1529702156,
        "updated_timestamp": 1560626971,
        "ip_address": "24.141.193.110"
      }
    },
    {
      "name": "IP Address: 2605:b100:114:d5b:217e:185f:5a55:e8b7",
      "session": {
        "created_timestamp": 1560518868,
        "ip_address": "2605:b100:114:d5b:217e:185f:5a55:e8b7"
      }
    },
    {
      "name": "Estimated location inferred from IP 43.872, -78.888",
      "session": {
        "created_timestamp": 1560374902,
        "ip_address": "2605:b100:f348:3e4e:50a4:1fac:f47d:cb91"
      }
    },
    {
      "name": "IP Address: 2605:b100:f348:3e4e:50a4:1fac:f47d:cb91",
      "session": {
        "created_timestamp": 1560374902,
        "ip_address": "2605:b100:f348:3e4e:50a4:1fac:f47d:cb91"
      }
    },
    {
      "name": "IP Address: 208.69.12.36",
      "session": {
        "created_timestamp": 1557196020,
        "updated_timestamp": 1560310346,
        "ip_address": "208.69.12.36"
      }
    },
    {
      "name": "Cookie: rfVk********************",
      "session": {
        "created_timestamp": 1516565935,
        "updated_timestamp": 1559833734
      }
    },
    {
      "name": "IP Address: 2620:0:1035:fd00:90b:220:8cf9:ade2",
      "session": {
        "created_timestamp": 1559833734,
        "ip_address": "2620:0:1035:fd00:90b:220:8cf9:ade2"
      }
    },
    {
      "name": "IP Address: 2605:b100:11f:b4d3:bd00:4b15:9ff0:1aa6",
      "session": {
        "created_timestamp": 1559770001,
        "ip_address": "2605:b100:11f:b4d3:bd00:4b15:9ff0:1aa6"
      }
    },
    {
      "name": "IP Address: 184.145.49.180",
      "session": {
        "created_timestamp": 1558830562,
        "ip_address": "184.145.49.180"
      }
    },
    {
      "name": "IP Address: 2605:b100:f346:3943:d819:46cf:e579:833",
      "session": {
        "created_timestamp": 1558729687,
        "ip_address": "2605:b100:f346:3943:d819:46cf:e579:833"
      }
    },
    {
      "name": "IP Address: 2605:b100:f34e:ea02:c8e:1206:9822:233b",
      "session": {
        "created_timestamp": 1558530489,
        "ip_address": "2605:b100:f34e:ea02:c8e:1206:9822:233b"
      }
    },
    {
      "name": "IP Address: 2605:b100:f34f:79c:168:49bc:34de:e953",
      "session": {
        "created_timestamp": 1538935191,
        "updated_timestamp": 1558470450,
        "ip_address": "2605:b100:f34f:79c:168:49bc:34de:e953"
      }
    },
    {
      "name": "Cookie: cOvI********************",
      "session": {
        "created_timestamp": 1472785264,
        "updated_timestamp": 1558470450
      }
    },
    {
      "name": "Estimated location inferred from IP 49.896, -97.168",
      "session": {
        "created_timestamp": 1558470450,
        "ip_address": "2605:b100:f34f:b929:e0a7:e233:40c2:3829"
      }
    },
    {
      "name": "IP Address: 2605:b100:f34c:7d1e:9ab:36a6:873f:5baa",
      "session": {
        "created_timestamp": 1558114730,
        "ip_address": "2605:b100:f34c:7d1e:9ab:36a6:873f:5baa"
      }
    },
    {
      "name": "Estimated location inferred from IP 45.456, -73.608",
      "session": {
        "created_timestamp": 1414931227,
        "updated_timestamp": 1558114730
      }
    },
    {
      "name": "IP Address: 2605:b100:115:e5b4:319d:49e9:64a3:cb50",
      "session": {
        "created_timestamp": 1558008079,
        "ip_address": "2605:b100:115:e5b4:319d:49e9:64a3:cb50"
      }
    },
    {
      "name": "IP Address: 2605:b100:f34d:6f5:b808:e4d5:f937:3be2",
      "session": {
        "created_timestamp": 1557772339,
        "ip_address": "2605:b100:f34d:6f5:b808:e4d5:f937:3be2"
      }
    },
    {
      "name": "Estimated location inferred from IP 49.896, -96.992",
      "session": {
        "created_timestamp": 1557772339,
        "ip_address": "2605:b100:f34d:6f5:b808:e4d5:f937:3be2"
      }
    },
    {
      "name": "IP Address: 2605:b100:f045:8cea:4181:9a6b:659f:acef",
      "session": {
        "created_timestamp": 1557696952,
        "ip_address": "2605:b100:f045:8cea:4181:9a6b:659f:acef"
      }
    },
    {
      "name": "IP Address: 2605:b100:101:5b4c:fdef:862f:3f95:f573",
      "session": {
        "created_timestamp": 1557332353,
        "ip_address": "2605:b100:101:5b4c:fdef:862f:3f95:f573"
      }
    },
    {
      "name": "IP Address: 72.143.60.242",
      "session": {
        "created_timestamp": 1557242660,
        "ip_address": "72.143.60.242"
      }
    },
    {
      "name": "IP Address: 2605:b100:f341:6941:6cb3:930b:2525:562d",
      "session": {
        "created_timestamp": 1557144004,
        "ip_address": "2605:b100:f341:6941:6cb3:930b:2525:562d"
      }
    },
    {
      "name": "IP Address: 2605:b100:f34b:5391:e9e8:a4e1:d137:8a98",
      "session": {
        "created_timestamp": 1556065082,
        "ip_address": "2605:b100:f34b:5391:e9e8:a4e1:d137:8a98"
      }
    },
    {
      "name": "IP Address: 184.151.179.144",
      "session": {
        "created_timestamp": 1556058371,
        "ip_address": "184.151.179.144"
      }
    },
    {
      "name": "Estimated location inferred from IP 44.224, -76.512",
      "session": {
        "created_timestamp": 1473006075,
        "updated_timestamp": 1555094101
      }
    },
    {
      "name": "IP Address: 130.15.34.199",
      "session": {
        "created_timestamp": 1485807113,
        "updated_timestamp": 1555094101,
        "ip_address": "130.15.34.199"
      }
    },
    {
      "name": "IP Address: 2605:b100:fc48:9a0f:d081:522a:694b:d502",
      "session": {
        "created_timestamp": 1549427545,
        "updated_timestamp": 1553796614,
        "ip_address": "2605:b100:fc48:9a0f:d081:522a:694b:d502"
      }
    },
    {
      "name": "Estimated location inferred from IP 45.416, -75.72",
      "session": {
        "created_timestamp": 1541241464,
        "updated_timestamp": 1553796614,
        "ip_address": "2605:b100:fc44:d104:4005:1ff2:189d:6525"
      }
    },
    {
      "name": "IP Address: 184.151.246.110",
      "session": {
        "created_timestamp": 1552195728,
        "ip_address": "184.151.246.110"
      }
    },
    {
      "name": "IP Address: 2605:b100:fc45:d625:54b9:198e:34ae:afe",
      "session": {
        "created_timestamp": 1545342445,
        "updated_timestamp": 1551990388,
        "ip_address": "2605:b100:fc45:d625:54b9:198e:34ae:afe"
      }
    },
    {
      "name": "IP Address: 130.15.86.84",
      "session": {
        "created_timestamp": 1522085306,
        "updated_timestamp": 1551706302,
        "ip_address": "130.15.86.84"
      }
    },
    {
      "name": "Cookie: sCh9********************",
      "session": {
        "created_timestamp": 1551706302,
        "ip_address": "130.15.86.33"
      }
    },
    {
      "name": "IP Address: 2605:b100:f349:b725:fc42:1863:ef47:8002",
      "session": {
        "created_timestamp": 1550866615,
        "ip_address": "2605:b100:f349:b725:fc42:1863:ef47:8002"
      }
    },
    {
      "name": "IP Address: 2605:b100:322:4bfd:6c68:bd6c:7817:c939",
      "session": {
        "created_timestamp": 1550603253,
        "ip_address": "2605:b100:322:4bfd:6c68:bd6c:7817:c939"
      }
    },
    {
      "name": "Estimated location inferred from IP 43, -81.256",
      "session": {
        "created_timestamp": 1550603253,
        "ip_address": "2605:b100:322:4bfd:6c68:bd6c:7817:c939"
      }
    },
    {
      "name": "IP Address: 2605:b100:fc44:d104:4005:1ff2:189d:6525",
      "session": {
        "created_timestamp": 1541241464,
        "updated_timestamp": 1550070173,
        "ip_address": "2605:b100:fc44:d104:4005:1ff2:189d:6525"
      }
    },
    {
      "name": "Cookie: izNi********************",
      "session": {
        "created_timestamp": 1549939611,
        "ip_address": "130.15.86.116"
      }
    },
    {
      "name": "Cookie: WXph********************",
      "session": {
        "created_timestamp": 1549892197,
        "ip_address": "130.15.86.209"
      }
    },
    {
      "name": "IP Address: 2605:b100:f540:6341:55f0:9b21:9fb3:e65f",
      "session": {
        "created_timestamp": 1549865354,
        "ip_address": "2605:b100:f540:6341:55f0:9b21:9fb3:e65f"
      }
    },
    {
      "name": "IP Address: 2605:b100:fc4c:c3b7:7df6:257:d0a:cbd3",
      "session": {
        "created_timestamp": 1549767066,
        "ip_address": "2605:b100:fc4c:c3b7:7df6:257:d0a:cbd3"
      }
    },
    {
      "name": "IP Address: 64.229.148.183",
      "session": {
        "created_timestamp": 1548809489,
        "ip_address": "64.229.148.183"
      }
    },
    {
      "name": "IP Address: 2605:b100:f34a:f5b5:1cfa:ad9d:c7b5:f5da",
      "session": {
        "created_timestamp": 1548538947,
        "ip_address": "2605:b100:f34a:f5b5:1cfa:ad9d:c7b5:f5da"
      }
    },
    {
      "name": "IP Address: 70.27.235.252",
      "session": {
        "created_timestamp": 1548499263,
        "ip_address": "70.27.235.252"
      }
    },
    {
      "name": "IP Address: 72.142.78.252",
      "session": {
        "created_timestamp": 1547926498,
        "ip_address": "72.142.78.252"
      }
    },
    {
      "name": "IP Address: 130.113.69.108",
      "session": {
        "created_timestamp": 1547855168,
        "ip_address": "130.113.69.108"
      }
    },
    {
      "name": "Estimated location inferred from IP 48.4, -89.256",
      "session": {
        "created_timestamp": 1547838831,
        "ip_address": "2605:b100:f041:d4ab:205d:1a9d:3cd1:19ba"
      }
    },
    {
      "name": "IP Address: 2605:b100:f041:d4ab:205d:1a9d:3cd1:19ba",
      "session": {
        "created_timestamp": 1547838831,
        "ip_address": "2605:b100:f041:d4ab:205d:1a9d:3cd1:19ba"
      }
    },
    {
      "name": "IP Address: 189.195.46.82",
      "session": {
        "created_timestamp": 1546394712,
        "ip_address": "189.195.46.82"
      }
    },
    {
      "name": "Estimated location inferred from IP 24.144, -110.352",
      "session": {
        "created_timestamp": 1546394712,
        "ip_address": "189.195.46.82"
      }
    },
    {
      "name": "IP Address: 187.141.173.34",
      "session": {
        "created_timestamp": 1546020694,
        "ip_address": "187.141.173.34"
      }
    },
    {
      "name": "Estimated location inferred from IP 23.264, -109.736",
      "session": {
        "created_timestamp": 1546020694,
        "ip_address": "187.141.173.34"
      }
    },
    {
      "name": "IP Address: 2605:b100:f347:d50b:a89d:f0aa:14c6:a12",
      "session": {
        "created_timestamp": 1545484467,
        "ip_address": "2605:b100:f347:d50b:a89d:f0aa:14c6:a12"
      }
    },
    {
      "name": "IP Address: 64.229.150.68",
      "session": {
        "created_timestamp": 1545136100,
        "ip_address": "64.229.150.68"
      }
    },
    {
      "name": "IP Address: 2605:b100:fc4d:4538:c50d:5764:e9bd:3ec7",
      "session": {
        "created_timestamp": 1544978975,
        "ip_address": "2605:b100:fc4d:4538:c50d:5764:e9bd:3ec7"
      }
    },
    {
      "name": "IP Address: 69.159.29.156",
      "session": {
        "created_timestamp": 1542894032,
        "ip_address": "69.159.29.156"
      }
    },
    {
      "name": "IP Address: 184.147.36.67",
      "session": {
        "created_timestamp": 1542334063,
        "ip_address": "184.147.36.67"
      }
    },
    {
      "name": "IP Address: 65.92.207.227",
      "session": {
        "created_timestamp": 1542162424,
        "ip_address": "65.92.207.227"
      }
    },
    {
      "name": "IP Address: 2605:b100:fc40:8042:584:11e4:31ad:1ab1",
      "session": {
        "created_timestamp": 1541722696,
        "ip_address": "2605:b100:fc40:8042:584:11e4:31ad:1ab1"
      }
    },
    {
      "name": "IP Address: 142.114.242.91",
      "session": {
        "created_timestamp": 1539748201,
        "ip_address": "142.114.242.91"
      }
    },
    {
      "name": "Estimated location inferred from IP 44.4, -79.68",
      "session": {
        "created_timestamp": 1538935191,
        "ip_address": "2605:b100:f34f:79c:168:49bc:34de:e953"
      }
    },
    {
      "name": "Cookie: 92aR********************",
      "session": {
        "created_timestamp": 1538404506,
        "ip_address": "130.15.34.80"
      }
    },
    {
      "name": "IP Address: 70.54.133.22",
      "session": {
        "created_timestamp": 1538086308,
        "ip_address": "70.54.133.22"
      }
    },
    {
      "name": "IP Address: 2001:1970:5229:a200:c97b:bace:d87c:24fd",
      "session": {
        "created_timestamp": 1537158825,
        "ip_address": "2001:1970:5229:a200:c97b:bace:d87c:24fd"
      }
    },
    {
      "name": "IP Address: 67.193.134.81",
      "session": {
        "created_timestamp": 1537009048,
        "ip_address": "67.193.134.81"
      }
    },
    {
      "name": "IP Address: 70.49.175.66",
      "session": {
        "created_timestamp": 1536675294,
        "ip_address": "70.49.175.66"
      }
    },
    {
      "name": "IP Address: 65.92.204.129",
      "session": {
        "created_timestamp": 1536493205,
        "ip_address": "65.92.204.129"
      }
    },
    {
      "name": "IP Address: 2605:b100:f44c:b218:2592:2a22:ecf:be",
      "session": {
        "created_timestamp": 1536095122,
        "ip_address": "2605:b100:f44c:b218:2592:2a22:ecf:be"
      }
    },
    {
      "name": "IP Address: 2605:b100:f24c:4095:55a8:b898:c3c4:177c",
      "session": {
        "created_timestamp": 1535923791,
        "ip_address": "2605:b100:f24c:4095:55a8:b898:c3c4:177c"
      }
    },
    {
      "name": "IP Address: 184.151.190.159",
      "session": {
        "created_timestamp": 1535743398,
        "ip_address": "184.151.190.159"
      }
    },
    {
      "name": "IP Address: 69.165.184.254",
      "session": {
        "created_timestamp": 1535725560,
        "ip_address": "69.165.184.254"
      }
    },
    {
      "name": "IP Address: 72.38.243.98",
      "session": {
        "created_timestamp": 1528318667,
        "updated_timestamp": 1535644008,
        "ip_address": "72.38.243.98"
      }
    },
    {
      "name": "IP Address: 2605:b100:f04f:76f0:922:93ce:98cb:1b3e",
      "session": {
        "created_timestamp": 1535258738,
        "ip_address": "2605:b100:f04f:76f0:922:93ce:98cb:1b3e"
      }
    },
    {
      "name": "IP Address: 2001:1970:4969:1300:8dc6:e04a:6d20:bae",
      "session": {
        "created_timestamp": 1519187912,
        "updated_timestamp": 1534549352,
        "ip_address": "2001:1970:4969:1300:8dc6:e04a:6d20:bae"
      }
    },
    {
      "name": "IP Address: 72.139.193.122",
      "session": {
        "created_timestamp": 1533991284,
        "ip_address": "72.139.193.122"
      }
    },
    {
      "name": "IP Address: 2605:b100:f149:200:341f:24fa:afb4:d3c3",
      "session": {
        "created_timestamp": 1533432541,
        "ip_address": "2605:b100:f149:200:341f:24fa:afb4:d3c3"
      }
    },
    {
      "name": "IP Address: 64.229.149.11",
      "session": {
        "created_timestamp": 1532279132,
        "ip_address": "64.229.149.11"
      }
    },
    {
      "name": "IP Address: 24.114.70.149",
      "session": {
        "created_timestamp": 1531537161,
        "ip_address": "24.114.70.149"
      }
    },
    {
      "name": "IP Address: 2605:b100:f249:dbc:906a:9bcf:bbfd:6715",
      "session": {
        "created_timestamp": 1531181090,
        "ip_address": "2605:b100:f249:dbc:906a:9bcf:bbfd:6715"
      }
    },
    {
      "name": "Estimated location inferred from IP 0.015999999999991, 0.039999999999992",
      "session": {
        "created_timestamp": 1530883686,
        "ip_address": "72.38.243.98"
      }
    },
    {
      "name": "Estimated location inferred from IP 42.952, -82.4",
      "session": {
        "created_timestamp": 1529784476,
        "ip_address": "157.52.8.61"
      }
    },
    {
      "name": "IP Address: 157.52.8.61",
      "session": {
        "created_timestamp": 1529784476,
        "ip_address": "157.52.8.61"
      }
    },
    {
      "name": "IP Address: 206.130.179.245",
      "session": {
        "created_timestamp": 1525298985,
        "updated_timestamp": 1529769867,
        "ip_address": "206.130.179.245"
      }
    },
    {
      "name": "IP Address: 24.114.49.175",
      "session": {
        "created_timestamp": 1529177643,
        "ip_address": "24.114.49.175"
      }
    },
    {
      "name": "IP Address: 2605:b100:f04a:ad43:19b4:6a81:265:2f29",
      "session": {
        "created_timestamp": 1528054360,
        "ip_address": "2605:b100:f04a:ad43:19b4:6a81:265:2f29"
      }
    },
    {
      "name": "Estimated location inferred from IP 46.248, -79.416",
      "session": {
        "created_timestamp": 1528054360,
        "ip_address": "2605:b100:f04a:ad43:19b4:6a81:265:2f29"
      }
    },
    {
      "name": "IP Address: 2605:b100:f244:55f5:e825:9917:a245:7130",
      "session": {
        "created_timestamp": 1527448301,
        "ip_address": "2605:b100:f244:55f5:e825:9917:a245:7130"
      }
    },
    {
      "name": "IP Address: 2605:b100:f04e:9ae3:40e1:e983:4b5b:4828",
      "session": {
        "created_timestamp": 1526837986,
        "ip_address": "2605:b100:f04e:9ae3:40e1:e983:4b5b:4828"
      }
    },
    {
      "name": "Estimated location inferred from IP 42.688, -80.288",
      "session": {
        "created_timestamp": 1526837986,
        "ip_address": "2605:b100:f04e:9ae3:40e1:e983:4b5b:4828"
      }
    },
    {
      "name": "IP Address: 138.51.122.31",
      "session": {
        "created_timestamp": 1525545056,
        "ip_address": "138.51.122.31"
      }
    },
    {
      "name": "IP Address: 75.98.19.133",
      "session": {
        "created_timestamp": 1477101420,
        "updated_timestamp": 1524586760,
        "ip_address": "75.98.19.133"
      }
    }
  ]
}