{
  "account_accesses": [
    {
      "action": "Login",
      "timestamp": 1560310347,
      "site": "www.facebook.com",
      "ip_address": "208.69.12.36"
    },
    {
      "action": "Login",
      "timestamp": 1557836070,
      "site": "www.facebook.com",
      "ip_address": "199.166.14.74"
    },
    {
      "action": "Login",
      "timestamp": 1551706303,
      "site": "www.facebook.com",
      "ip_address": "130.15.86.33"
    },
    {
      "action": "Login",
      "timestamp": 1549939611,
      "site": "www.facebook.com",
      "ip_address": "130.15.86.116"
    },
    {
      "action": "Login",
      "timestamp": 1549892197,
      "site": "www.facebook.com",
      "ip_address": "130.15.86.209"
    },
    {
      "action": "Login",
      "timestamp": 1548512311,
      "site": "www.facebook.com",
      "ip_address": "2605:8d80:542:786:3d1b:24a8:87ea:9ea3"
    },
    {
      "action": "Log Out",
      "timestamp": 1542771827,
      "site": "www.facebook.com",
      "ip_address": "65.92.207.227"
    },
    {
      "action": "Login",
      "timestamp": 1542315915,
      "site": "www.facebook.com",
      "ip_address": "130.15.34.141"
    },
    {
      "action": "Log Out",
      "timestamp": 1542315899,
      "site": "www.facebook.com",
      "ip_address": "130.15.34.141"
    },
    {
      "action": "Log Out",
      "timestamp": 1524161763,
      "site": "www.facebook.com",
      "ip_address": "52.21.142.231"
    },
    {
      "action": "Login",
      "timestamp": 1522085306,
      "site": "www.facebook.com",
      "ip_address": "130.15.86.84"
    },
    {
      "action": "Login",
      "timestamp": 1521151045,
      "site": "www.facebook.com",
      "ip_address": "130.15.86.28"
    },
    {
      "action": "Login",
      "timestamp": 1519943446,
      "site": "www.facebook.com",
      "ip_address": "130.15.86.82"
    },
    {
      "action": "Login",
      "timestamp": 1517590853,
      "site": "www.facebook.com",
      "ip_address": "130.15.35.214"
    },
    {
      "action": "Login",
      "timestamp": 1516565936,
      "site": "www.facebook.com",
      "ip_address": "130.15.34.51"
    },
    {
      "action": "Login",
      "timestamp": 1513456176,
      "site": "www.facebook.com",
      "ip_address": "130.15.164.162"
    },
    {
      "action": "Login",
      "timestamp": 1512093139,
      "site": "www.facebook.com",
      "ip_address": "130.15.34.86"
    },
    {
      "action": "Login",
      "timestamp": 1510025237,
      "site": "www.facebook.com",
      "ip_address": "130.15.34.160"
    },
    {
      "action": "Login",
      "timestamp": 1508463449,
      "site": "www.facebook.com",
      "ip_address": "130.15.34.48"
    },
    {
      "action": "Login",
      "timestamp": 1508367068,
      "site": "www.facebook.com",
      "ip_address": "130.15.34.137"
    },
    {
      "action": "Login",
      "timestamp": 1502636412,
      "site": "www.facebook.com",
      "ip_address": "24.141.191.119"
    },
    {
      "action": "Login",
      "timestamp": 1500598526,
      "site": "www.facebook.com",
      "ip_address": "24.141.191.119"
    },
    {
      "action": "Log Out",
      "timestamp": 1491916094,
      "site": "www.facebook.com",
      "ip_address": "130.15.65.16"
    },
    {
      "action": "Login",
      "timestamp": 1491915485,
      "site": "www.facebook.com",
      "ip_address": "130.15.65.16"
    },
    {
      "action": "Login",
      "timestamp": 1491323400,
      "site": "www.facebook.com",
      "ip_address": "130.15.43.38"
    },
    {
      "action": "Login",
      "timestamp": 1480774264,
      "site": "www.facebook.com",
      "ip_address": "130.15.44.75"
    },
    {
      "action": "Log Out",
      "timestamp": 1474596710,
      "site": "www.facebook.com",
      "ip_address": "24.141.185.35"
    },
    {
      "action": "Login",
      "timestamp": 1472785265,
      "site": "www.facebook.com",
      "ip_address": "24.141.185.35"
    },
    {
      "action": "Login",
      "timestamp": 1472784143,
      "site": "www.facebook.com",
      "ip_address": "24.141.185.35"
    },
    {
      "action": "Log Out",
      "timestamp": 1472779445,
      "site": "www.facebook.com",
      "ip_address": "24.141.185.35"
    },
    {
      "action": "Log Out",
      "timestamp": 1472760870,
      "site": "m.facebook.com",
      "ip_address": "24.141.185.35"
    },
    {
      "action": "Login",
      "timestamp": 1472760869,
      "site": "www.facebook.com",
      "ip_address": "24.141.185.35"
    },
    {
      "action": "Login",
      "timestamp": 1472651163,
      "site": "www.facebook.com",
      "ip_address": "184.151.61.110"
    },
    {
      "action": "Login",
      "timestamp": 1472651097,
      "site": "www.facebook.com",
      "ip_address": "184.151.61.110"
    },
    {
      "action": "Login",
      "timestamp": 1465688130,
      "site": "www.facebook.com",
      "ip_address": "24.114.71.230"
    },
    {
      "action": "Login",
      "timestamp": 1465341300,
      "site": "www.facebook.com",
      "ip_address": "24.141.185.35"
    },
    {
      "action": "Login",
      "timestamp": 1464401598,
      "site": "www.facebook.com",
      "ip_address": "24.141.185.35"
    },
    {
      "action": "Log Out",
      "timestamp": 1462981174,
      "site": "m.facebook.com",
      "ip_address": "70.53.108.79"
    },
    {
      "action": "Login",
      "timestamp": 1462981174,
      "site": "m.facebook.com",
      "ip_address": "70.53.108.79"
    },
    {
      "action": "Login",
      "timestamp": 1462155142,
      "site": "www.facebook.com",
      "ip_address": "24.141.185.35"
    },
    {
      "action": "Login",
      "timestamp": 1456007384,
      "site": "www.facebook.com",
      "ip_address": "24.141.185.35"
    },
    {
      "action": "Login",
      "timestamp": 1454347824,
      "site": "www.facebook.com",
      "ip_address": "24.141.185.35"
    },
    {
      "action": "Log Out",
      "timestamp": 1451929367,
      "site": "www.facebook.com",
      "ip_address": "24.114.55.23"
    },
    {
      "action": "Login",
      "timestamp": 1447716380,
      "site": "www.facebook.com",
      "ip_address": "24.141.185.35"
    },
    {
      "action": "Log Out",
      "timestamp": 1421449917,
      "site": "www.facebook.com",
      "ip_address": "24.114.81.205"
    },
    {
      "action": "Login",
      "timestamp": 1421437476,
      "site": "www.facebook.com",
      "ip_address": "24.114.106.184"
    },
    {
      "action": "Login",
      "timestamp": 1420694714,
      "site": "www.facebook.com",
      "ip_address": "24.141.185.35"
    },
    {
      "action": "Login",
      "timestamp": 1420671047,
      "site": "www.facebook.com",
      "ip_address": "24.141.185.35"
    },
    {
      "action": "Login",
      "timestamp": 1420671004,
      "site": "www.facebook.com",
      "ip_address": "24.141.185.35"
    },
    {
      "action": "Login",
      "timestamp": 1420670183,
      "site": "www.facebook.com",
      "ip_address": "24.141.185.35"
    },
    {
      "action": "Login",
      "timestamp": 1419819881,
      "site": "www.facebook.com",
      "ip_address": "24.141.185.35"
    },
    {
      "action": "Log Out",
      "timestamp": 1417563820,
      "site": "www.facebook.com",
      "ip_address": "24.141.185.35"
    },
    {
      "action": "Login",
      "timestamp": 1417467949,
      "site": "www.facebook.com",
      "ip_address": "24.141.185.35"
    },
    {
      "action": "Login",
      "timestamp": 1416684027,
      "site": "www.facebook.com",
      "ip_address": "24.141.185.35"
    },
    {
      "action": "Login",
      "timestamp": 1413132232,
      "site": "www.facebook.com",
      "ip_address": "24.141.185.35"
    }
  ]
}