{
  "name": "Profile Pictures",
  "photos": [
    {
      "uri": "photos_and_videos/ProfilePictures_N9DUnZIdmQ/67127743_102223567773957_8580081052259713024_n_102223564440624.jpg",
      "creation_timestamp": 1563477953,
      "media_metadata": {
        "photo_metadata": {
          "upload_ip": "72.142.86.122"
        }
      },
      "title": "Profile Pictures"
    }
  ],
  "cover_photo": {
    "uri": "photos_and_videos/ProfilePictures_N9DUnZIdmQ/67127743_102223567773957_8580081052259713024_n_102223564440624.jpg",
    "creation_timestamp": 1563477953,
    "media_metadata": {
      "photo_metadata": {
        "upload_ip": "72.142.86.122"
      }
    },
    "title": "Profile Pictures"
  },
  "last_modified_timestamp": 1563477954,
  "comments": [
    
  ],
  "description": ""
}