{
  "profile_updates": [
    {
      "timestamp": 1563466721,
      "attachments": [
        {
          "data": [
            {
              "life_event": {
                "title": "Born on July 18, 1994",
                "start_date": {
                  "year": 1994,
                  "month": 7,
                  "day": 18
                }
              }
            }
          ]
        }
      ],
      "data": [
        {
          "backdated_timestamp": 774514800
        }
      ]
    }
  ]
}