{
  "profile_updates": [
    {
      "timestamp": 1563478332,
      "attachments": [
        {
          "data": [
            {
              "external_context": {
                "name": "Stranger Things"
              }
            }
          ]
        }
      ],
      "title": "Maurice Nelson added Stranger Things to TV shows he's watched."
    },
    {
      "timestamp": 1563478330,
      "attachments": [
        {
          "data": [
            {
              "external_context": {
                "name": "Game of Thrones"
              }
            }
          ]
        }
      ],
      "title": "Maurice Nelson added Game of Thrones to TV shows he's watched."
    },
    {
      "timestamp": 1563478320,
      "attachments": [
        {
          "data": [
            {
              "external_context": {
                "name": "The Incredibles"
              }
            }
          ]
        }
      ],
      "title": "Maurice Nelson added The Incredibles to movies he's watched."
    },
    {
      "timestamp": 1563478310,
      "attachments": [
        {
          "data": [
            {
              "external_context": {
                "name": "The Internship"
              }
            }
          ]
        }
      ],
      "title": "Maurice Nelson added The Internship to movies he's watched."
    },
    {
      "timestamp": 1563478304,
      "attachments": [
        {
          "data": [
            {
              "external_context": {
                "name": "Forrest Gump"
              }
            }
          ]
        }
      ],
      "title": "Maurice Nelson added Forrest Gump to movies he's watched."
    },
    {
      "timestamp": 1563478296,
      "title": "Maurice Nelson added Toronto Raptors to his favorite teams."
    },
    {
      "timestamp": 1563478287,
      "title": "Maurice Nelson added New Zealand Football to his favorite teams."
    },
    {
      "timestamp": 1563478275,
      "title": "Maurice Nelson added Toronto Maple Leafs to his favorite teams."
    },
    {
      "timestamp": 1563478130,
      "attachments": [
        {
          "data": [
            {
              "media": {
                "uri": "photos_and_videos/CoverPhotos_lZIMRu-4MQ/67639057_102225917773722_5989561481748807680_n_102225911107056.jpg",
                "creation_timestamp": 1563478130,
                "media_metadata": {
                  "photo_metadata": {
                    "upload_ip": "72.142.86.122"
                  }
                },
                "title": "Cover Photos"
              }
            }
          ]
        }
      ],
      "title": "Maurice Nelson updated his cover photo."
    },
    {
      "timestamp": 1563477953,
      "attachments": [
        {
          "data": [
            {
              "media": {
                "uri": "photos_and_videos/ProfilePictures_N9DUnZIdmQ/67127743_102223567773957_8580081052259713024_n_102223564440624.jpg",
                "creation_timestamp": 1563477953,
                "media_metadata": {
                  "photo_metadata": {
                    "upload_ip": "72.142.86.122"
                  }
                },
                "title": "Profile Pictures"
              }
            }
          ]
        }
      ],
      "title": "Maurice Nelson updated his profile picture."
    },
    {
      "timestamp": 1563466721,
      "attachments": [
        {
          "data": [
            {
              "life_event": {
                "title": "Born on July 18, 1994",
                "start_date": {
                  "year": 1994,
                  "month": 7,
                  "day": 18
                }
              }
            }
          ]
        }
      ],
      "data": [
        {
          "backdated_timestamp": 774514800
        }
      ]
    }
  ]
}