{
  "profile": {
    "name": {
      "full_name": "Maurice Nelson",
      "first_name": "Maurice",
      "middle_name": "",
      "last_name": "Nelson"
    },
    "emails": {
      "emails": [
        "mauricenelson3333@gmail.com"
      ],
      "previous_emails": [
        
      ],
      "pending_emails": [
        
      ],
      "ad_account_emails": [
        
      ]
    },
    "birthday": {
      "year": 1994,
      "month": 7,
      "day": 18
    },
    "gender": {
      "gender_option": "MALE",
      "pronoun": "MALE"
    },
    "previous_names": [
      
    ],
    "other_names": [
      
    ],
    "education_experiences": [
      
    ],
    "work_experiences": [
      
    ],
    "phone_numbers": [
      
    ],
    "favorite_quotes": "",
    "pages": [
      {
        "name": "Other",
        "pages": [
          "Women In Tech",
          "Google Cloud"
        ]
      },
      {
        "name": "Favorite Teams",
        "pages": [
          "Toronto Raptors",
          "New Zealand Football",
          "Toronto Maple Leafs"
        ]
      },
      {
        "name": "Books read",
        "pages": [
          "Node.js for PHP Developers",
          "Visual Basic 6 Database Programming for Dummies",
          "The Intelligent Investor"
        ]
      },
      {
        "name": "Movies watched",
        "pages": [
          "The Incredibles",
          "The Internship",
          "Forrest Gump"
        ]
      },
      {
        "name": "TV shows watched",
        "pages": [
          "Stranger Things",
          "Game of Thrones"
        ]
      }
    ],
    "registration_timestamp": 1563466721,
    "profile_uri": "https://www.facebook.com/maurice.nelson.12327"
  }
}